"County","FIPS","Year","Householder Status","Measure Type","Variable","Value"
"Connecticut","09","2006-2010","All","Number","Cost-burdened Households",477497
"Connecticut","09","2006-2010","All","Number","Margins of Error",4615.33
"Connecticut","09","2006-2010","All","Percent","Cost-burdened Households",44.7
"Connecticut","09","2006-2010","All","Percent","Margins of Error",0.38
"Connecticut","09","2006-2010","Homeowner","Number","Cost-burdened Households",272886
"Connecticut","09","2006-2010","Homeowner","Number","Margins of Error",3370.12
"Connecticut","09","2006-2010","Homeowner","Percent","Cost-burdened Households",40.5
"Connecticut","09","2006-2010","Homeowner","Percent","Margins of Error",0.45
"Connecticut","09","2006-2010","Renter","Number","Cost-burdened Households",204611
"Connecticut","09","2006-2010","Renter","Number","Margins of Error",3153.34
"Connecticut","09","2006-2010","Renter","Percent","Cost-burdened Households",51.8
"Connecticut","09","2006-2010","Renter","Percent","Margins of Error",0.72
"Connecticut","09","2007-2011","All","Number","Cost-burdened Households",480252
"Connecticut","09","2007-2011","All","Number","Margins of Error",4428.2
"Connecticut","09","2007-2011","All","Percent","Cost-burdened Households",45.06
"Connecticut","09","2007-2011","All","Percent","Margins of Error",0.35
"Connecticut","09","2007-2011","Homeowner","Number","Cost-burdened Households",270778
"Connecticut","09","2007-2011","Homeowner","Number","Margins of Error",3312.94
"Connecticut","09","2007-2011","Homeowner","Percent","Cost-burdened Households",40.5
"Connecticut","09","2007-2011","Homeowner","Percent","Margins of Error",0.5
"Connecticut","09","2007-2011","Renter","Number","Cost-burdened Households",209474
"Connecticut","09","2007-2011","Renter","Number","Margins of Error",2938.26
"Connecticut","09","2007-2011","Renter","Percent","Cost-burdened Households",52.7
"Connecticut","09","2007-2011","Renter","Percent","Margins of Error",0.58
"Connecticut","09","2008-2012","All","Number","Cost-burdened Households",482333
"Connecticut","09","2008-2012","All","Number","Margins of Error",4583.97
"Connecticut","09","2008-2012","All","Percent","Cost-burdened Households",45.24
"Connecticut","09","2008-2012","All","Percent","Margins of Error",0.37
"Connecticut","09","2008-2012","Homeowner","Number","Cost-burdened Households",266983
"Connecticut","09","2008-2012","Homeowner","Number","Margins of Error",3058.21
"Connecticut","09","2008-2012","Homeowner","Percent","Cost-burdened Households",40.4
"Connecticut","09","2008-2012","Homeowner","Percent","Margins of Error",0.45
"Connecticut","09","2008-2012","Renter","Number","Cost-burdened Households",215350
"Connecticut","09","2008-2012","Renter","Number","Margins of Error",3414.69
"Connecticut","09","2008-2012","Renter","Percent","Cost-burdened Households",53.3
"Connecticut","09","2008-2012","Renter","Percent","Margins of Error",0.76
"Connecticut","09","2009-2013","All","Number","Cost-burdened Households",472580
"Connecticut","09","2009-2013","All","Number","Margins of Error",4509.89
"Connecticut","09","2009-2013","All","Percent","Cost-burdened Households",44.62
"Connecticut","09","2009-2013","All","Percent","Margins of Error",0.34
"Connecticut","09","2009-2013","Homeowner","Number","Cost-burdened Households",254562
"Connecticut","09","2009-2013","Homeowner","Number","Margins of Error",3017.01
"Connecticut","09","2009-2013","Homeowner","Percent","Cost-burdened Households",39.1
"Connecticut","09","2009-2013","Homeowner","Percent","Margins of Error",0.45
"Connecticut","09","2009-2013","Renter","Number","Cost-burdened Households",218018
"Connecticut","09","2009-2013","Renter","Number","Margins of Error",3352.12
"Connecticut","09","2009-2013","Renter","Percent","Cost-burdened Households",53.4
"Connecticut","09","2009-2013","Renter","Percent","Margins of Error",0.67
"Connecticut","09","2010-2014","All","Number","Cost-burdened Households",464537
"Connecticut","09","2010-2014","All","Number","Margins of Error",4577.42
"Connecticut","09","2010-2014","All","Percent","Cost-burdened Households",43.98
"Connecticut","09","2010-2014","All","Percent","Margins of Error",0.38
"Connecticut","09","2010-2014","Homeowner","Number","Cost-burdened Households",242802
"Connecticut","09","2010-2014","Homeowner","Number","Margins of Error",3058.65
"Connecticut","09","2010-2014","Homeowner","Percent","Cost-burdened Households",37.8
"Connecticut","09","2010-2014","Homeowner","Percent","Margins of Error",0.45
"Connecticut","09","2010-2014","Renter","Number","Cost-burdened Households",221735
"Connecticut","09","2010-2014","Renter","Number","Margins of Error",3405.5
"Connecticut","09","2010-2014","Renter","Percent","Cost-burdened Households",53.4
"Connecticut","09","2010-2014","Renter","Percent","Margins of Error",0.72
"Connecticut","09","2011-2015","All","Number","Cost-burdened Households",450665
"Connecticut","09","2011-2015","All","Number","Margins of Error",4325.78
"Connecticut","09","2011-2015","All","Percent","Cost-burdened Households",42.93
"Connecticut","09","2011-2015","All","Percent","Margins of Error",0.34
"Connecticut","09","2011-2015","Homeowner","Number","Cost-burdened Households",228645
"Connecticut","09","2011-2015","Homeowner","Number","Margins of Error",3063.07
"Connecticut","09","2011-2015","Homeowner","Percent","Cost-burdened Households",36.2
"Connecticut","09","2011-2015","Homeowner","Percent","Margins of Error",0.45
"Connecticut","09","2011-2015","Renter","Number","Cost-burdened Households",222020
"Connecticut","09","2011-2015","Renter","Number","Margins of Error",3054.5
"Connecticut","09","2011-2015","Renter","Percent","Cost-burdened Households",53.2
"Connecticut","09","2011-2015","Renter","Percent","Margins of Error",0.58
"Connecticut","09","2012-2016","All","Number","Cost-burdened Households",436277
"Connecticut","09","2012-2016","All","Number","Margins of Error",4397.5
"Connecticut","09","2012-2016","All","Percent","Cost-burdened Households",41.63
"Connecticut","09","2012-2016","All","Percent","Margins of Error",0.36
"Connecticut","09","2012-2016","Homeowner","Number","Cost-burdened Households",213474
"Connecticut","09","2012-2016","Homeowner","Number","Margins of Error",3011.03
"Connecticut","09","2012-2016","Homeowner","Percent","Cost-burdened Households",34.2
"Connecticut","09","2012-2016","Homeowner","Percent","Margins of Error",0.45
"Connecticut","09","2012-2016","Renter","Number","Cost-burdened Households",222803
"Connecticut","09","2012-2016","Renter","Number","Margins of Error",3204.95
"Connecticut","09","2012-2016","Renter","Percent","Cost-burdened Households",52.5
"Connecticut","09","2012-2016","Renter","Percent","Margins of Error",0.67
"Fairfield County","09001","2006-2010","All","Number","Cost-burdened Households",126833
"Fairfield County","09001","2006-2010","All","Number","Margins of Error",2431.29
"Fairfield County","09001","2006-2010","All","Percent","Cost-burdened Households",48.13
"Fairfield County","09001","2006-2010","All","Percent","Margins of Error",0.82
"Fairfield County","09001","2006-2010","Homeowner","Number","Cost-burdened Households",77685
"Fairfield County","09001","2006-2010","Homeowner","Number","Margins of Error",1753.72
"Fairfield County","09001","2006-2010","Homeowner","Percent","Cost-burdened Households",45.4
"Fairfield County","09001","2006-2010","Homeowner","Percent","Margins of Error",0.94
"Fairfield County","09001","2006-2010","Renter","Number","Cost-burdened Households",49148
"Fairfield County","09001","2006-2010","Renter","Number","Margins of Error",1683.94
"Fairfield County","09001","2006-2010","Renter","Percent","Cost-burdened Households",53.3
"Fairfield County","09001","2006-2010","Renter","Percent","Margins of Error",1.75
"Fairfield County","09001","2007-2011","All","Number","Cost-burdened Households",128085
"Fairfield County","09001","2007-2011","All","Number","Margins of Error",2185.56
"Fairfield County","09001","2007-2011","All","Percent","Cost-burdened Households",48.67
"Fairfield County","09001","2007-2011","All","Percent","Margins of Error",0.69
"Fairfield County","09001","2007-2011","Homeowner","Number","Cost-burdened Households",77483
"Fairfield County","09001","2007-2011","Homeowner","Number","Margins of Error",1571.57
"Fairfield County","09001","2007-2011","Homeowner","Percent","Cost-burdened Households",45.6
"Fairfield County","09001","2007-2011","Homeowner","Percent","Margins of Error",0.81
"Fairfield County","09001","2007-2011","Renter","Number","Cost-burdened Households",50602
"Fairfield County","09001","2007-2011","Renter","Number","Margins of Error",1518.82
"Fairfield County","09001","2007-2011","Renter","Percent","Cost-burdened Households",54.3
"Fairfield County","09001","2007-2011","Renter","Percent","Margins of Error",1.43
"Fairfield County","09001","2008-2012","All","Number","Cost-burdened Households",128352
"Fairfield County","09001","2008-2012","All","Number","Margins of Error",2224.88
"Fairfield County","09001","2008-2012","All","Percent","Cost-burdened Households",48.75
"Fairfield County","09001","2008-2012","All","Percent","Margins of Error",0.73
"Fairfield County","09001","2008-2012","Homeowner","Number","Cost-burdened Households",76824
"Fairfield County","09001","2008-2012","Homeowner","Number","Margins of Error",1592.49
"Fairfield County","09001","2008-2012","Homeowner","Percent","Cost-burdened Households",45.5
"Fairfield County","09001","2008-2012","Homeowner","Percent","Margins of Error",0.81
"Fairfield County","09001","2008-2012","Renter","Number","Cost-burdened Households",51528
"Fairfield County","09001","2008-2012","Renter","Number","Margins of Error",1553.73
"Fairfield County","09001","2008-2012","Renter","Percent","Cost-burdened Households",54.5
"Fairfield County","09001","2008-2012","Renter","Percent","Margins of Error",1.48
"Fairfield County","09001","2009-2013","All","Number","Cost-burdened Households",125497
"Fairfield County","09001","2009-2013","All","Number","Margins of Error",2201.64
"Fairfield County","09001","2009-2013","All","Percent","Cost-burdened Households",47.86
"Fairfield County","09001","2009-2013","All","Percent","Margins of Error",0.7
"Fairfield County","09001","2009-2013","Homeowner","Number","Cost-burdened Households",72998
"Fairfield County","09001","2009-2013","Homeowner","Number","Margins of Error",1598.58
"Fairfield County","09001","2009-2013","Homeowner","Percent","Cost-burdened Households",44.1
"Fairfield County","09001","2009-2013","Homeowner","Percent","Margins of Error",0.89
"Fairfield County","09001","2009-2013","Renter","Number","Cost-burdened Households",52499
"Fairfield County","09001","2009-2013","Renter","Number","Margins of Error",1513.86
"Fairfield County","09001","2009-2013","Renter","Percent","Cost-burdened Households",54.3
"Fairfield County","09001","2009-2013","Renter","Percent","Margins of Error",1.3
"Fairfield County","09001","2010-2014","All","Number","Cost-burdened Households",123110
"Fairfield County","09001","2010-2014","All","Number","Margins of Error",2249.24
"Fairfield County","09001","2010-2014","All","Percent","Cost-burdened Households",46.95
"Fairfield County","09001","2010-2014","All","Percent","Margins of Error",0.75
"Fairfield County","09001","2010-2014","Homeowner","Number","Cost-burdened Households",69091
"Fairfield County","09001","2010-2014","Homeowner","Number","Margins of Error",1689.95
"Fairfield County","09001","2010-2014","Homeowner","Percent","Cost-burdened Households",42.3
"Fairfield County","09001","2010-2014","Homeowner","Percent","Margins of Error",0.86
"Fairfield County","09001","2010-2014","Renter","Number","Cost-burdened Households",54019
"Fairfield County","09001","2010-2014","Renter","Number","Margins of Error",1484.31
"Fairfield County","09001","2010-2014","Renter","Percent","Cost-burdened Households",54.7
"Fairfield County","09001","2010-2014","Renter","Percent","Margins of Error",1.39
"Fairfield County","09001","2011-2015","All","Number","Cost-burdened Households",119803
"Fairfield County","09001","2011-2015","All","Number","Margins of Error",2224.15
"Fairfield County","09001","2011-2015","All","Percent","Cost-burdened Households",45.73
"Fairfield County","09001","2011-2015","All","Percent","Margins of Error",0.74
"Fairfield County","09001","2011-2015","Homeowner","Number","Cost-burdened Households",65598
"Fairfield County","09001","2011-2015","Homeowner","Number","Margins of Error",1715.63
"Fairfield County","09001","2011-2015","Homeowner","Percent","Cost-burdened Households",40.3
"Fairfield County","09001","2011-2015","Homeowner","Percent","Margins of Error",0.89
"Fairfield County","09001","2011-2015","Renter","Number","Cost-burdened Households",54205
"Fairfield County","09001","2011-2015","Renter","Number","Margins of Error",1415.44
"Fairfield County","09001","2011-2015","Renter","Percent","Cost-burdened Households",54.6
"Fairfield County","09001","2011-2015","Renter","Percent","Margins of Error",1.25
"Fairfield County","09001","2012-2016","All","Number","Cost-burdened Households",116389
"Fairfield County","09001","2012-2016","All","Number","Margins of Error",2149.31
"Fairfield County","09001","2012-2016","All","Percent","Cost-burdened Households",44.38
"Fairfield County","09001","2012-2016","All","Percent","Margins of Error",0.72
"Fairfield County","09001","2012-2016","Homeowner","Number","Cost-burdened Households",61368
"Fairfield County","09001","2012-2016","Homeowner","Number","Margins of Error",1504.31
"Fairfield County","09001","2012-2016","Homeowner","Percent","Cost-burdened Households",38.2
"Fairfield County","09001","2012-2016","Homeowner","Percent","Margins of Error",0.89
"Fairfield County","09001","2012-2016","Renter","Number","Cost-burdened Households",55021
"Fairfield County","09001","2012-2016","Renter","Number","Margins of Error",1535.11
"Fairfield County","09001","2012-2016","Renter","Percent","Cost-burdened Households",54
"Fairfield County","09001","2012-2016","Renter","Percent","Margins of Error",1.3
"Hartford County","09003","2006-2010","All","Number","Cost-burdened Households",115177
"Hartford County","09003","2006-2010","All","Number","Margins of Error",2196.61
"Hartford County","09003","2006-2010","All","Percent","Cost-burdened Households",42.22
"Hartford County","09003","2006-2010","All","Percent","Margins of Error",0.72
"Hartford County","09003","2006-2010","Homeowner","Number","Cost-burdened Households",59623
"Hartford County","09003","2006-2010","Homeowner","Number","Margins of Error",1500.98
"Hartford County","09003","2006-2010","Homeowner","Percent","Cost-burdened Households",36.8
"Hartford County","09003","2006-2010","Homeowner","Percent","Margins of Error",0.86
"Hartford County","09003","2006-2010","Renter","Number","Cost-burdened Households",55554
"Hartford County","09003","2006-2010","Renter","Number","Margins of Error",1603.8
"Hartford County","09003","2006-2010","Renter","Percent","Cost-burdened Households",50.3
"Hartford County","09003","2006-2010","Renter","Percent","Margins of Error",1.34
"Hartford County","09003","2007-2011","All","Number","Cost-burdened Households",116625
"Hartford County","09003","2007-2011","All","Number","Margins of Error",2096.82
"Hartford County","09003","2007-2011","All","Percent","Cost-burdened Households",42.69
"Hartford County","09003","2007-2011","All","Percent","Margins of Error",0.68
"Hartford County","09003","2007-2011","Homeowner","Number","Cost-burdened Households",59071
"Hartford County","09003","2007-2011","Homeowner","Number","Margins of Error",1526.31
"Hartford County","09003","2007-2011","Homeowner","Percent","Cost-burdened Households",36.5
"Hartford County","09003","2007-2011","Homeowner","Percent","Margins of Error",0.86
"Hartford County","09003","2007-2011","Renter","Number","Cost-burdened Households",57554
"Hartford County","09003","2007-2011","Renter","Number","Margins of Error",1437.72
"Hartford County","09003","2007-2011","Renter","Percent","Cost-burdened Households",51.7
"Hartford County","09003","2007-2011","Renter","Percent","Margins of Error",1.17
"Hartford County","09003","2008-2012","All","Number","Cost-burdened Households",116842
"Hartford County","09003","2008-2012","All","Number","Margins of Error",2078.15
"Hartford County","09003","2008-2012","All","Percent","Cost-burdened Households",42.55
"Hartford County","09003","2008-2012","All","Percent","Margins of Error",0.67
"Hartford County","09003","2008-2012","Homeowner","Number","Cost-burdened Households",58269
"Hartford County","09003","2008-2012","Homeowner","Number","Margins of Error",1433.59
"Hartford County","09003","2008-2012","Homeowner","Percent","Cost-burdened Households",36
"Hartford County","09003","2008-2012","Homeowner","Percent","Margins of Error",0.86
"Hartford County","09003","2008-2012","Renter","Number","Cost-burdened Households",58573
"Hartford County","09003","2008-2012","Renter","Number","Margins of Error",1504.5
"Hartford County","09003","2008-2012","Renter","Percent","Cost-burdened Households",52
"Hartford County","09003","2008-2012","Renter","Percent","Margins of Error",1.25
"Hartford County","09003","2009-2013","All","Number","Cost-burdened Households",114763
"Hartford County","09003","2009-2013","All","Number","Margins of Error",2040.07
"Hartford County","09003","2009-2013","All","Percent","Cost-burdened Households",41.92
"Hartford County","09003","2009-2013","All","Percent","Margins of Error",0.65
"Hartford County","09003","2009-2013","Homeowner","Number","Cost-burdened Households",56486
"Hartford County","09003","2009-2013","Homeowner","Number","Margins of Error",1420.85
"Hartford County","09003","2009-2013","Homeowner","Percent","Cost-burdened Households",35.2
"Hartford County","09003","2009-2013","Homeowner","Percent","Margins of Error",0.81
"Hartford County","09003","2009-2013","Renter","Number","Cost-burdened Households",58277
"Hartford County","09003","2009-2013","Renter","Number","Margins of Error",1463.93
"Hartford County","09003","2009-2013","Renter","Percent","Cost-burdened Households",51.3
"Hartford County","09003","2009-2013","Renter","Percent","Margins of Error",1.12
"Hartford County","09003","2010-2014","All","Number","Cost-burdened Households",113096
"Hartford County","09003","2010-2014","All","Number","Margins of Error",2233.02
"Hartford County","09003","2010-2014","All","Percent","Cost-burdened Households",41.43
"Hartford County","09003","2010-2014","All","Percent","Margins of Error",0.74
"Hartford County","09003","2010-2014","Homeowner","Number","Cost-burdened Households",54147
"Hartford County","09003","2010-2014","Homeowner","Number","Margins of Error",1418.12
"Hartford County","09003","2010-2014","Homeowner","Percent","Cost-burdened Households",34.2
"Hartford County","09003","2010-2014","Homeowner","Percent","Margins of Error",0.89
"Hartford County","09003","2010-2014","Renter","Number","Cost-burdened Households",58949
"Hartford County","09003","2010-2014","Renter","Number","Margins of Error",1724.91
"Hartford County","09003","2010-2014","Renter","Percent","Cost-burdened Households",51.5
"Hartford County","09003","2010-2014","Renter","Percent","Margins of Error",1.39
"Hartford County","09003","2011-2015","All","Number","Cost-burdened Households",109577
"Hartford County","09003","2011-2015","All","Number","Margins of Error",1878.57
"Hartford County","09003","2011-2015","All","Percent","Cost-burdened Households",40.43
"Hartford County","09003","2011-2015","All","Percent","Margins of Error",0.59
"Hartford County","09003","2011-2015","Homeowner","Number","Cost-burdened Households",51150
"Hartford County","09003","2011-2015","Homeowner","Number","Margins of Error",1307.3
"Hartford County","09003","2011-2015","Homeowner","Percent","Cost-burdened Households",32.8
"Hartford County","09003","2011-2015","Homeowner","Percent","Margins of Error",0.81
"Hartford County","09003","2011-2015","Renter","Number","Cost-burdened Households",58427
"Hartford County","09003","2011-2015","Renter","Number","Margins of Error",1349.07
"Hartford County","09003","2011-2015","Renter","Percent","Cost-burdened Households",50.8
"Hartford County","09003","2011-2015","Renter","Percent","Margins of Error",1.17
"Hartford County","09003","2012-2016","All","Number","Cost-burdened Households",105654
"Hartford County","09003","2012-2016","All","Number","Margins of Error",2056.52
"Hartford County","09003","2012-2016","All","Percent","Cost-burdened Households",39.04
"Hartford County","09003","2012-2016","All","Percent","Margins of Error",0.67
"Hartford County","09003","2012-2016","Homeowner","Number","Cost-burdened Households",47310
"Hartford County","09003","2012-2016","Homeowner","Number","Margins of Error",1295.34
"Hartford County","09003","2012-2016","Homeowner","Percent","Cost-burdened Households",30.7
"Hartford County","09003","2012-2016","Homeowner","Percent","Margins of Error",0.78
"Hartford County","09003","2012-2016","Renter","Number","Cost-burdened Households",58344
"Hartford County","09003","2012-2016","Renter","Number","Margins of Error",1597.3
"Hartford County","09003","2012-2016","Renter","Percent","Cost-burdened Households",49.9
"Hartford County","09003","2012-2016","Renter","Percent","Margins of Error",1.3
"Litchfield County","09005","2006-2010","All","Number","Cost-burdened Households",24661
"Litchfield County","09005","2006-2010","All","Number","Margins of Error",1133.36
"Litchfield County","09005","2006-2010","All","Percent","Cost-burdened Households",42.86
"Litchfield County","09005","2006-2010","All","Percent","Margins of Error",1.77
"Litchfield County","09005","2006-2010","Homeowner","Number","Cost-burdened Households",17579
"Litchfield County","09005","2006-2010","Homeowner","Number","Margins of Error",928.57
"Litchfield County","09005","2006-2010","Homeowner","Percent","Cost-burdened Households",41
"Litchfield County","09005","2006-2010","Homeowner","Percent","Margins of Error",2
"Litchfield County","09005","2006-2010","Renter","Number","Cost-burdened Households",7082
"Litchfield County","09005","2006-2010","Renter","Number","Margins of Error",649.81
"Litchfield County","09005","2006-2010","Renter","Percent","Cost-burdened Households",48.4
"Litchfield County","09005","2006-2010","Renter","Percent","Margins of Error",3.64
"Litchfield County","09005","2007-2011","All","Number","Cost-burdened Households",24598
"Litchfield County","09005","2007-2011","All","Number","Margins of Error",975.52
"Litchfield County","09005","2007-2011","All","Percent","Cost-burdened Households",42.75
"Litchfield County","09005","2007-2011","All","Percent","Margins of Error",1.49
"Litchfield County","09005","2007-2011","Homeowner","Number","Cost-burdened Households",17274
"Litchfield County","09005","2007-2011","Homeowner","Number","Margins of Error",787.96
"Litchfield County","09005","2007-2011","Homeowner","Percent","Cost-burdened Households",40
"Litchfield County","09005","2007-2011","Homeowner","Percent","Margins of Error",1.72
"Litchfield County","09005","2007-2011","Renter","Number","Cost-burdened Households",7324
"Litchfield County","09005","2007-2011","Renter","Number","Margins of Error",575.12
"Litchfield County","09005","2007-2011","Renter","Percent","Cost-burdened Households",50.8
"Litchfield County","09005","2007-2011","Renter","Percent","Margins of Error",3.26
"Litchfield County","09005","2008-2012","All","Number","Cost-burdened Households",25023
"Litchfield County","09005","2008-2012","All","Number","Margins of Error",1090.62
"Litchfield County","09005","2008-2012","All","Percent","Cost-burdened Households",43.62
"Litchfield County","09005","2008-2012","All","Percent","Margins of Error",1.68
"Litchfield County","09005","2008-2012","Homeowner","Number","Cost-burdened Households",17435
"Litchfield County","09005","2008-2012","Homeowner","Number","Margins of Error",867.44
"Litchfield County","09005","2008-2012","Homeowner","Percent","Cost-burdened Households",40.9
"Litchfield County","09005","2008-2012","Homeowner","Percent","Margins of Error",1.94
"Litchfield County","09005","2008-2012","Renter","Number","Cost-burdened Households",7588
"Litchfield County","09005","2008-2012","Renter","Number","Margins of Error",661.07
"Litchfield County","09005","2008-2012","Renter","Percent","Cost-burdened Households",51.2
"Litchfield County","09005","2008-2012","Renter","Percent","Margins of Error",3.67
"Litchfield County","09005","2009-2013","All","Number","Cost-burdened Households",24000
"Litchfield County","09005","2009-2013","All","Number","Margins of Error",976.12
"Litchfield County","09005","2009-2013","All","Percent","Cost-burdened Households",42.69
"Litchfield County","09005","2009-2013","All","Percent","Margins of Error",1.51
"Litchfield County","09005","2009-2013","Homeowner","Number","Cost-burdened Households",16567
"Litchfield County","09005","2009-2013","Homeowner","Number","Margins of Error",750.65
"Litchfield County","09005","2009-2013","Homeowner","Percent","Cost-burdened Households",40
"Litchfield County","09005","2009-2013","Homeowner","Percent","Margins of Error",1.75
"Litchfield County","09005","2009-2013","Renter","Number","Cost-burdened Households",7433
"Litchfield County","09005","2009-2013","Renter","Number","Margins of Error",623.97
"Litchfield County","09005","2009-2013","Renter","Percent","Cost-burdened Households",50.2
"Litchfield County","09005","2009-2013","Renter","Percent","Margins of Error",3.54
"Litchfield County","09005","2010-2014","All","Number","Cost-burdened Households",23062
"Litchfield County","09005","2010-2014","All","Number","Margins of Error",914.41
"Litchfield County","09005","2010-2014","All","Percent","Cost-burdened Households",41.3
"Litchfield County","09005","2010-2014","All","Percent","Margins of Error",1.4
"Litchfield County","09005","2010-2014","Homeowner","Number","Cost-burdened Households",15638
"Litchfield County","09005","2010-2014","Homeowner","Number","Margins of Error",730.08
"Litchfield County","09005","2010-2014","Homeowner","Percent","Cost-burdened Households",38.5
"Litchfield County","09005","2010-2014","Homeowner","Percent","Margins of Error",1.64
"Litchfield County","09005","2010-2014","Renter","Number","Cost-burdened Households",7424
"Litchfield County","09005","2010-2014","Renter","Number","Margins of Error",550.57
"Litchfield County","09005","2010-2014","Renter","Percent","Cost-burdened Households",48.6
"Litchfield County","09005","2010-2014","Renter","Percent","Margins of Error",3.05
"Litchfield County","09005","2011-2015","All","Number","Cost-burdened Households",22262
"Litchfield County","09005","2011-2015","All","Number","Margins of Error",979.22
"Litchfield County","09005","2011-2015","All","Percent","Cost-burdened Households",40.35
"Litchfield County","09005","2011-2015","All","Percent","Margins of Error",1.6
"Litchfield County","09005","2011-2015","Homeowner","Number","Cost-burdened Households",14795
"Litchfield County","09005","2011-2015","Homeowner","Number","Margins of Error",775.83
"Litchfield County","09005","2011-2015","Homeowner","Percent","Cost-burdened Households",37.1
"Litchfield County","09005","2011-2015","Homeowner","Percent","Margins of Error",1.75
"Litchfield County","09005","2011-2015","Renter","Number","Cost-burdened Households",7467
"Litchfield County","09005","2011-2015","Renter","Number","Margins of Error",597.46
"Litchfield County","09005","2011-2015","Renter","Percent","Cost-burdened Households",48.5
"Litchfield County","09005","2011-2015","Renter","Percent","Margins of Error",3.18
"Litchfield County","09005","2012-2016","All","Number","Cost-burdened Households",21153
"Litchfield County","09005","2012-2016","All","Number","Margins of Error",870.98
"Litchfield County","09005","2012-2016","All","Percent","Cost-burdened Households",38.66
"Litchfield County","09005","2012-2016","All","Percent","Margins of Error",1.41
"Litchfield County","09005","2012-2016","Homeowner","Number","Cost-burdened Households",13735
"Litchfield County","09005","2012-2016","Homeowner","Number","Margins of Error",647.3
"Litchfield County","09005","2012-2016","Homeowner","Percent","Cost-burdened Households",35.3
"Litchfield County","09005","2012-2016","Homeowner","Percent","Margins of Error",1.57
"Litchfield County","09005","2012-2016","Renter","Number","Cost-burdened Households",7418
"Litchfield County","09005","2012-2016","Renter","Number","Margins of Error",582.76
"Litchfield County","09005","2012-2016","Renter","Percent","Cost-burdened Households",47.1
"Litchfield County","09005","2012-2016","Renter","Percent","Margins of Error",3.27
"Middlesex County","09007","2006-2010","All","Number","Cost-burdened Households",21406
"Middlesex County","09007","2006-2010","All","Number","Margins of Error",1002.63
"Middlesex County","09007","2006-2010","All","Percent","Cost-burdened Households",41.24
"Middlesex County","09007","2006-2010","All","Percent","Margins of Error",1.71
"Middlesex County","09007","2006-2010","Homeowner","Number","Cost-burdened Households",14384
"Middlesex County","09007","2006-2010","Homeowner","Number","Margins of Error",718.64
"Middlesex County","09007","2006-2010","Homeowner","Percent","Cost-burdened Households",39
"Middlesex County","09007","2006-2010","Homeowner","Percent","Margins of Error",1.8
"Middlesex County","09007","2006-2010","Renter","Number","Cost-burdened Households",7022
"Middlesex County","09007","2006-2010","Renter","Number","Margins of Error",699.16
"Middlesex County","09007","2006-2010","Renter","Percent","Cost-burdened Households",46.7
"Middlesex County","09007","2006-2010","Renter","Percent","Margins of Error",3.86
"Middlesex County","09007","2007-2011","All","Number","Cost-burdened Households",20876
"Middlesex County","09007","2007-2011","All","Number","Margins of Error",973.99
"Middlesex County","09007","2007-2011","All","Percent","Cost-burdened Households",41.11
"Middlesex County","09007","2007-2011","All","Percent","Margins of Error",1.71
"Middlesex County","09007","2007-2011","Homeowner","Number","Cost-burdened Households",14109
"Middlesex County","09007","2007-2011","Homeowner","Number","Margins of Error",702.86
"Middlesex County","09007","2007-2011","Homeowner","Percent","Cost-burdened Households",39.1
"Middlesex County","09007","2007-2011","Homeowner","Percent","Margins of Error",1.78
"Middlesex County","09007","2007-2011","Renter","Number","Cost-burdened Households",6767
"Middlesex County","09007","2007-2011","Renter","Number","Margins of Error",674.28
"Middlesex County","09007","2007-2011","Renter","Percent","Cost-burdened Households",46
"Middlesex County","09007","2007-2011","Renter","Percent","Margins of Error",3.76
"Middlesex County","09007","2008-2012","All","Number","Cost-burdened Households",20757
"Middlesex County","09007","2008-2012","All","Number","Margins of Error",864.34
"Middlesex County","09007","2008-2012","All","Percent","Cost-burdened Households",40.86
"Middlesex County","09007","2008-2012","All","Percent","Margins of Error",1.44
"Middlesex County","09007","2008-2012","Homeowner","Number","Cost-burdened Households",13826
"Middlesex County","09007","2008-2012","Homeowner","Number","Margins of Error",684.13
"Middlesex County","09007","2008-2012","Homeowner","Percent","Cost-burdened Households",38.3
"Middlesex County","09007","2008-2012","Homeowner","Percent","Margins of Error",1.77
"Middlesex County","09007","2008-2012","Renter","Number","Cost-burdened Households",6931
"Middlesex County","09007","2008-2012","Renter","Number","Margins of Error",528.25
"Middlesex County","09007","2008-2012","Renter","Percent","Cost-burdened Households",47
"Middlesex County","09007","2008-2012","Renter","Percent","Margins of Error",3.13
"Middlesex County","09007","2009-2013","All","Number","Cost-burdened Households",19802
"Middlesex County","09007","2009-2013","All","Number","Margins of Error",896.45
"Middlesex County","09007","2009-2013","All","Percent","Cost-burdened Households",39.97
"Middlesex County","09007","2009-2013","All","Percent","Margins of Error",1.6
"Middlesex County","09007","2009-2013","Homeowner","Number","Cost-burdened Households",12846
"Middlesex County","09007","2009-2013","Homeowner","Number","Margins of Error",740.96
"Middlesex County","09007","2009-2013","Homeowner","Percent","Cost-burdened Households",36.8
"Middlesex County","09007","2009-2013","Homeowner","Percent","Margins of Error",2
"Middlesex County","09007","2009-2013","Renter","Number","Cost-burdened Households",6956
"Middlesex County","09007","2009-2013","Renter","Number","Margins of Error",504.57
"Middlesex County","09007","2009-2013","Renter","Percent","Cost-burdened Households",47.8
"Middlesex County","09007","2009-2013","Renter","Percent","Margins of Error",3.44
"Middlesex County","09007","2010-2014","All","Number","Cost-burdened Households",19296
"Middlesex County","09007","2010-2014","All","Number","Margins of Error",862.43
"Middlesex County","09007","2010-2014","All","Percent","Cost-burdened Households",38.75
"Middlesex County","09007","2010-2014","All","Percent","Margins of Error",1.46
"Middlesex County","09007","2010-2014","Homeowner","Number","Cost-burdened Households",11937
"Middlesex County","09007","2010-2014","Homeowner","Number","Margins of Error",690.09
"Middlesex County","09007","2010-2014","Homeowner","Percent","Cost-burdened Households",34.5
"Middlesex County","09007","2010-2014","Homeowner","Percent","Margins of Error",1.86
"Middlesex County","09007","2010-2014","Renter","Number","Cost-burdened Households",7359
"Middlesex County","09007","2010-2014","Renter","Number","Margins of Error",517.26
"Middlesex County","09007","2010-2014","Renter","Percent","Cost-burdened Households",48.5
"Middlesex County","09007","2010-2014","Renter","Percent","Margins of Error",3.22
"Middlesex County","09007","2011-2015","All","Number","Cost-burdened Households",18538
"Middlesex County","09007","2011-2015","All","Number","Margins of Error",932.01
"Middlesex County","09007","2011-2015","All","Percent","Cost-burdened Households",37.39
"Middlesex County","09007","2011-2015","All","Percent","Margins of Error",1.66
"Middlesex County","09007","2011-2015","Homeowner","Number","Cost-burdened Households",11151
"Middlesex County","09007","2011-2015","Homeowner","Number","Margins of Error",671.4
"Middlesex County","09007","2011-2015","Homeowner","Percent","Cost-burdened Households",32.4
"Middlesex County","09007","2011-2015","Homeowner","Percent","Margins of Error",1.84
"Middlesex County","09007","2011-2015","Renter","Number","Cost-burdened Households",7387
"Middlesex County","09007","2011-2015","Renter","Number","Margins of Error",646.42
"Middlesex County","09007","2011-2015","Renter","Percent","Cost-burdened Households",48.5
"Middlesex County","09007","2011-2015","Renter","Percent","Margins of Error",3.35
"Middlesex County","09007","2012-2016","All","Number","Cost-burdened Households",18257
"Middlesex County","09007","2012-2016","All","Number","Margins of Error",819.03
"Middlesex County","09007","2012-2016","All","Percent","Cost-burdened Households",36.74
"Middlesex County","09007","2012-2016","All","Percent","Margins of Error",1.44
"Middlesex County","09007","2012-2016","Homeowner","Number","Cost-burdened Households",10664
"Middlesex County","09007","2012-2016","Homeowner","Number","Margins of Error",632.93
"Middlesex County","09007","2012-2016","Homeowner","Percent","Cost-burdened Households",31.2
"Middlesex County","09007","2012-2016","Homeowner","Percent","Margins of Error",1.72
"Middlesex County","09007","2012-2016","Renter","Number","Cost-burdened Households",7593
"Middlesex County","09007","2012-2016","Renter","Number","Margins of Error",519.82
"Middlesex County","09007","2012-2016","Renter","Percent","Cost-burdened Households",49.2
"Middlesex County","09007","2012-2016","Renter","Percent","Margins of Error",2.83
"New Haven County","09009","2006-2010","All","Number","Cost-burdened Households",125028
"New Haven County","09009","2006-2010","All","Number","Margins of Error",2341.56
"New Haven County","09009","2006-2010","All","Percent","Cost-burdened Households",47.59
"New Haven County","09009","2006-2010","All","Percent","Margins of Error",0.79
"New Haven County","09009","2006-2010","Homeowner","Number","Cost-burdened Households",65006
"New Haven County","09009","2006-2010","Homeowner","Number","Margins of Error",1602.31
"New Haven County","09009","2006-2010","Homeowner","Percent","Cost-burdened Households",41.9
"New Haven County","09009","2006-2010","Homeowner","Percent","Margins of Error",0.94
"New Haven County","09009","2006-2010","Renter","Number","Cost-burdened Households",60022
"New Haven County","09009","2006-2010","Renter","Number","Margins of Error",1707.48
"New Haven County","09009","2006-2010","Renter","Percent","Cost-burdened Households",55.8
"New Haven County","09009","2006-2010","Renter","Percent","Margins of Error",1.39
"New Haven County","09009","2007-2011","All","Number","Cost-burdened Households",125685
"New Haven County","09009","2007-2011","All","Number","Margins of Error",2211.19
"New Haven County","09009","2007-2011","All","Percent","Cost-burdened Households",48.05
"New Haven County","09009","2007-2011","All","Percent","Margins of Error",0.73
"New Haven County","09009","2007-2011","Homeowner","Number","Cost-burdened Households",64416
"New Haven County","09009","2007-2011","Homeowner","Number","Margins of Error",1555.39
"New Haven County","09009","2007-2011","Homeowner","Percent","Cost-burdened Households",42.2
"New Haven County","09009","2007-2011","Homeowner","Percent","Margins of Error",0.94
"New Haven County","09009","2007-2011","Renter","Number","Cost-burdened Households",61269
"New Haven County","09009","2007-2011","Renter","Number","Margins of Error",1571.67
"New Haven County","09009","2007-2011","Renter","Percent","Cost-burdened Households",56.4
"New Haven County","09009","2007-2011","Renter","Percent","Margins of Error",1.3
"New Haven County","09009","2008-2012","All","Number","Cost-burdened Households",126727
"New Haven County","09009","2008-2012","All","Number","Margins of Error",2442.72
"New Haven County","09009","2008-2012","All","Percent","Cost-burdened Households",48.62
"New Haven County","09009","2008-2012","All","Percent","Margins of Error",0.82
"New Haven County","09009","2008-2012","Homeowner","Number","Cost-burdened Households",63539
"New Haven County","09009","2008-2012","Homeowner","Number","Margins of Error",1713.28
"New Haven County","09009","2008-2012","Homeowner","Percent","Cost-burdened Households",42.3
"New Haven County","09009","2008-2012","Homeowner","Percent","Margins of Error",1.03
"New Haven County","09009","2008-2012","Renter","Number","Cost-burdened Households",63188
"New Haven County","09009","2008-2012","Renter","Number","Margins of Error",1741.14
"New Haven County","09009","2008-2012","Renter","Percent","Cost-burdened Households",57.2
"New Haven County","09009","2008-2012","Renter","Percent","Margins of Error",1.3
"New Haven County","09009","2009-2013","All","Number","Cost-burdened Households",124799
"New Haven County","09009","2009-2013","All","Number","Margins of Error",2480.84
"New Haven County","09009","2009-2013","All","Percent","Cost-burdened Households",48.32
"New Haven County","09009","2009-2013","All","Percent","Margins of Error",0.83
"New Haven County","09009","2009-2013","Homeowner","Number","Cost-burdened Households",60257
"New Haven County","09009","2009-2013","Homeowner","Number","Margins of Error",1642.92
"New Haven County","09009","2009-2013","Homeowner","Percent","Cost-burdened Households",41.1
"New Haven County","09009","2009-2013","Homeowner","Percent","Margins of Error",1
"New Haven County","09009","2009-2013","Renter","Number","Cost-burdened Households",64542
"New Haven County","09009","2009-2013","Renter","Number","Margins of Error",1858.87
"New Haven County","09009","2009-2013","Renter","Percent","Cost-burdened Households",57.9
"New Haven County","09009","2009-2013","Renter","Percent","Margins of Error",1.3
"New Haven County","09009","2010-2014","All","Number","Cost-burdened Households",122432
"New Haven County","09009","2010-2014","All","Number","Margins of Error",2367.02
"New Haven County","09009","2010-2014","All","Percent","Cost-burdened Households",47.71
"New Haven County","09009","2010-2014","All","Percent","Margins of Error",0.77
"New Haven County","09009","2010-2014","Homeowner","Number","Cost-burdened Households",57445
"New Haven County","09009","2010-2014","Homeowner","Number","Margins of Error",1530.63
"New Haven County","09009","2010-2014","Homeowner","Percent","Cost-burdened Households",39.9
"New Haven County","09009","2010-2014","Homeowner","Percent","Margins of Error",0.94
"New Haven County","09009","2010-2014","Renter","Number","Cost-burdened Households",64987
"New Haven County","09009","2010-2014","Renter","Number","Margins of Error",1805.53
"New Haven County","09009","2010-2014","Renter","Percent","Cost-burdened Households",57.7
"New Haven County","09009","2010-2014","Renter","Percent","Margins of Error",1.22
"New Haven County","09009","2011-2015","All","Number","Cost-burdened Households",117946
"New Haven County","09009","2011-2015","All","Number","Margins of Error",2106.34
"New Haven County","09009","2011-2015","All","Percent","Cost-burdened Households",46.39
"New Haven County","09009","2011-2015","All","Percent","Margins of Error",0.7
"New Haven County","09009","2011-2015","Homeowner","Number","Cost-burdened Households",53499
"New Haven County","09009","2011-2015","Homeowner","Number","Margins of Error",1410.97
"New Haven County","09009","2011-2015","Homeowner","Percent","Cost-burdened Households",37.8
"New Haven County","09009","2011-2015","Homeowner","Percent","Margins of Error",0.89
"New Haven County","09009","2011-2015","Renter","Number","Cost-burdened Households",64447
"New Haven County","09009","2011-2015","Renter","Number","Margins of Error",1563.91
"New Haven County","09009","2011-2015","Renter","Percent","Cost-burdened Households",57.2
"New Haven County","09009","2011-2015","Renter","Percent","Margins of Error",1.17
"New Haven County","09009","2012-2016","All","Number","Cost-burdened Households",114632
"New Haven County","09009","2012-2016","All","Number","Margins of Error",2281.38
"New Haven County","09009","2012-2016","All","Percent","Cost-burdened Households",45.16
"New Haven County","09009","2012-2016","All","Percent","Margins of Error",0.77
"New Haven County","09009","2012-2016","Homeowner","Number","Cost-burdened Households",50600
"New Haven County","09009","2012-2016","Homeowner","Number","Margins of Error",1462.67
"New Haven County","09009","2012-2016","Homeowner","Percent","Cost-burdened Households",36.3
"New Haven County","09009","2012-2016","Homeowner","Percent","Margins of Error",0.94
"New Haven County","09009","2012-2016","Renter","Number","Cost-burdened Households",64032
"New Haven County","09009","2012-2016","Renter","Number","Margins of Error",1750.8
"New Haven County","09009","2012-2016","Renter","Percent","Cost-burdened Households",55.9
"New Haven County","09009","2012-2016","Renter","Percent","Margins of Error",1.25
"New London County","09011","2006-2010","All","Number","Cost-burdened Households",34542
"New London County","09011","2006-2010","All","Number","Margins of Error",1269.02
"New London County","09011","2006-2010","All","Percent","Cost-burdened Households",41.65
"New London County","09011","2006-2010","All","Percent","Margins of Error",1.37
"New London County","09011","2006-2010","Homeowner","Number","Cost-burdened Households",20113
"New London County","09011","2006-2010","Homeowner","Number","Margins of Error",960.49
"New London County","09011","2006-2010","Homeowner","Percent","Cost-burdened Households",38.6
"New London County","09011","2006-2010","Homeowner","Percent","Margins of Error",1.7
"New London County","09011","2006-2010","Renter","Number","Cost-burdened Households",14429
"New London County","09011","2006-2010","Renter","Number","Margins of Error",829.39
"New London County","09011","2006-2010","Renter","Percent","Cost-burdened Households",47
"New London County","09011","2006-2010","Renter","Percent","Margins of Error",2.47
"New London County","09011","2007-2011","All","Number","Cost-burdened Households",34412
"New London County","09011","2007-2011","All","Number","Margins of Error",1210.99
"New London County","09011","2007-2011","All","Percent","Cost-burdened Households",41.54
"New London County","09011","2007-2011","All","Percent","Margins of Error",1.3
"New London County","09011","2007-2011","Homeowner","Number","Cost-burdened Households",19981
"New London County","09011","2007-2011","Homeowner","Number","Margins of Error",919
"New London County","09011","2007-2011","Homeowner","Percent","Cost-burdened Households",38.5
"New London County","09011","2007-2011","Homeowner","Percent","Margins of Error",1.72
"New London County","09011","2007-2011","Renter","Number","Cost-burdened Households",14431
"New London County","09011","2007-2011","Renter","Number","Margins of Error",788.62
"New London County","09011","2007-2011","Renter","Percent","Cost-burdened Households",46.7
"New London County","09011","2007-2011","Renter","Percent","Margins of Error",2.33
"New London County","09011","2008-2012","All","Number","Cost-burdened Households",34417
"New London County","09011","2008-2012","All","Number","Margins of Error",1116.4
"New London County","09011","2008-2012","All","Percent","Cost-burdened Households",41.52
"New London County","09011","2008-2012","All","Percent","Margins of Error",1.12
"New London County","09011","2008-2012","Homeowner","Number","Cost-burdened Households",19000
"New London County","09011","2008-2012","Homeowner","Number","Margins of Error",865.45
"New London County","09011","2008-2012","Homeowner","Percent","Cost-burdened Households",37.4
"New London County","09011","2008-2012","Homeowner","Percent","Margins of Error",1.58
"New London County","09011","2008-2012","Renter","Number","Cost-burdened Households",15417
"New London County","09011","2008-2012","Renter","Number","Margins of Error",705.22
"New London County","09011","2008-2012","Renter","Percent","Cost-burdened Households",48.1
"New London County","09011","2008-2012","Renter","Percent","Margins of Error",2.02
"New London County","09011","2009-2013","All","Number","Cost-burdened Households",34132
"New London County","09011","2009-2013","All","Number","Margins of Error",1133.24
"New London County","09011","2009-2013","All","Percent","Cost-burdened Households",41.39
"New London County","09011","2009-2013","All","Percent","Margins of Error",1.19
"New London County","09011","2009-2013","Homeowner","Number","Cost-burdened Households",18237
"New London County","09011","2009-2013","Homeowner","Number","Margins of Error",800.46
"New London County","09011","2009-2013","Homeowner","Percent","Cost-burdened Households",36.5
"New London County","09011","2009-2013","Homeowner","Percent","Margins of Error",1.53
"New London County","09011","2009-2013","Renter","Number","Cost-burdened Households",15895
"New London County","09011","2009-2013","Renter","Number","Margins of Error",802.18
"New London County","09011","2009-2013","Renter","Percent","Cost-burdened Households",48.9
"New London County","09011","2009-2013","Renter","Percent","Margins of Error",2.2
"New London County","09011","2010-2014","All","Number","Cost-burdened Households",33548
"New London County","09011","2010-2014","All","Number","Margins of Error",1161.58
"New London County","09011","2010-2014","All","Percent","Cost-burdened Households",40.76
"New London County","09011","2010-2014","All","Percent","Margins of Error",1.26
"New London County","09011","2010-2014","Homeowner","Number","Cost-burdened Households",17725
"New London County","09011","2010-2014","Homeowner","Number","Margins of Error",792.5
"New London County","09011","2010-2014","Homeowner","Percent","Cost-burdened Households",35.8
"New London County","09011","2010-2014","Homeowner","Percent","Margins of Error",1.48
"New London County","09011","2010-2014","Renter","Number","Cost-burdened Households",15823
"New London County","09011","2010-2014","Renter","Number","Margins of Error",849.25
"New London County","09011","2010-2014","Renter","Percent","Cost-burdened Households",48.2
"New London County","09011","2010-2014","Renter","Percent","Margins of Error",2.44
"New London County","09011","2011-2015","All","Number","Cost-burdened Households",33186
"New London County","09011","2011-2015","All","Number","Margins of Error",1122.52
"New London County","09011","2011-2015","All","Percent","Cost-burdened Households",40.72
"New London County","09011","2011-2015","All","Percent","Margins of Error",1.19
"New London County","09011","2011-2015","Homeowner","Number","Cost-burdened Households",16404
"New London County","09011","2011-2015","Homeowner","Number","Margins of Error",734.87
"New London County","09011","2011-2015","Homeowner","Percent","Cost-burdened Households",34.1
"New London County","09011","2011-2015","Homeowner","Percent","Margins of Error",1.44
"New London County","09011","2011-2015","Renter","Number","Cost-burdened Households",16782
"New London County","09011","2011-2015","Renter","Number","Margins of Error",848.53
"New London County","09011","2011-2015","Renter","Percent","Cost-burdened Households",50.2
"New London County","09011","2011-2015","Renter","Percent","Margins of Error",2.25
"New London County","09011","2012-2016","All","Number","Cost-burdened Households",31648
"New London County","09011","2012-2016","All","Number","Margins of Error",1213.94
"New London County","09011","2012-2016","All","Percent","Cost-burdened Households",39.07
"New London County","09011","2012-2016","All","Percent","Margins of Error",1.35
"New London County","09011","2012-2016","Homeowner","Number","Cost-burdened Households",14978
"New London County","09011","2012-2016","Homeowner","Number","Margins of Error",800.01
"New London County","09011","2012-2016","Homeowner","Percent","Cost-burdened Households",31.7
"New London County","09011","2012-2016","Homeowner","Percent","Margins of Error",1.53
"New London County","09011","2012-2016","Renter","Number","Cost-burdened Households",16670
"New London County","09011","2012-2016","Renter","Number","Margins of Error",913.03
"New London County","09011","2012-2016","Renter","Percent","Cost-burdened Households",49.5
"New London County","09011","2012-2016","Renter","Percent","Margins of Error",2.39
"Tolland County","09013","2006-2010","All","Number","Cost-burdened Households",15821
"Tolland County","09013","2006-2010","All","Number","Margins of Error",868.69
"Tolland County","09013","2006-2010","All","Percent","Cost-burdened Households",36.87
"Tolland County","09013","2006-2010","All","Percent","Margins of Error",1.83
"Tolland County","09013","2006-2010","Homeowner","Number","Cost-burdened Households",9855
"Tolland County","09013","2006-2010","Homeowner","Number","Margins of Error",667.28
"Tolland County","09013","2006-2010","Homeowner","Percent","Cost-burdened Households",32.2
"Tolland County","09013","2006-2010","Homeowner","Percent","Margins of Error",1.97
"Tolland County","09013","2006-2010","Renter","Number","Cost-burdened Households",5966
"Tolland County","09013","2006-2010","Renter","Number","Margins of Error",556.2
"Tolland County","09013","2006-2010","Renter","Percent","Cost-burdened Households",48.6
"Tolland County","09013","2006-2010","Renter","Percent","Margins of Error",3.8
"Tolland County","09013","2007-2011","All","Number","Cost-burdened Households",15499
"Tolland County","09013","2007-2011","All","Number","Margins of Error",841.6
"Tolland County","09013","2007-2011","All","Percent","Cost-burdened Households",36.35
"Tolland County","09013","2007-2011","All","Percent","Margins of Error",1.76
"Tolland County","09013","2007-2011","Homeowner","Number","Cost-burdened Households",9434
"Tolland County","09013","2007-2011","Homeowner","Number","Margins of Error",583.74
"Tolland County","09013","2007-2011","Homeowner","Percent","Cost-burdened Households",31.1
"Tolland County","09013","2007-2011","Homeowner","Percent","Margins of Error",1.75
"Tolland County","09013","2007-2011","Renter","Number","Cost-burdened Households",6065
"Tolland County","09013","2007-2011","Renter","Number","Margins of Error",606.25
"Tolland County","09013","2007-2011","Renter","Percent","Cost-burdened Households",49.2
"Tolland County","09013","2007-2011","Renter","Percent","Margins of Error",3.92
"Tolland County","09013","2008-2012","All","Number","Cost-burdened Households",15526
"Tolland County","09013","2008-2012","All","Number","Margins of Error",885.41
"Tolland County","09013","2008-2012","All","Percent","Cost-burdened Households",36.54
"Tolland County","09013","2008-2012","All","Percent","Margins of Error",1.88
"Tolland County","09013","2008-2012","Homeowner","Number","Cost-burdened Households",9176
"Tolland County","09013","2008-2012","Homeowner","Number","Margins of Error",588
"Tolland County","09013","2008-2012","Homeowner","Percent","Cost-burdened Households",30.7
"Tolland County","09013","2008-2012","Homeowner","Percent","Margins of Error",1.78
"Tolland County","09013","2008-2012","Renter","Number","Cost-burdened Households",6350
"Tolland County","09013","2008-2012","Renter","Number","Margins of Error",661.97
"Tolland County","09013","2008-2012","Renter","Percent","Cost-burdened Households",50.3
"Tolland County","09013","2008-2012","Renter","Percent","Margins of Error",4.44
"Tolland County","09013","2009-2013","All","Number","Cost-burdened Households",15178
"Tolland County","09013","2009-2013","All","Number","Margins of Error",770.56
"Tolland County","09013","2009-2013","All","Percent","Cost-burdened Households",35.86
"Tolland County","09013","2009-2013","All","Percent","Margins of Error",1.61
"Tolland County","09013","2009-2013","Homeowner","Number","Cost-burdened Households",8784
"Tolland County","09013","2009-2013","Homeowner","Number","Margins of Error",570.25
"Tolland County","09013","2009-2013","Homeowner","Percent","Cost-burdened Households",30
"Tolland County","09013","2009-2013","Homeowner","Percent","Margins of Error",1.86
"Tolland County","09013","2009-2013","Renter","Number","Cost-burdened Households",6394
"Tolland County","09013","2009-2013","Renter","Number","Margins of Error",518.25
"Tolland County","09013","2009-2013","Renter","Percent","Cost-burdened Households",48.9
"Tolland County","09013","2009-2013","Renter","Percent","Margins of Error",3.71
"Tolland County","09013","2010-2014","All","Number","Cost-burdened Households",15185
"Tolland County","09013","2010-2014","All","Number","Margins of Error",865.97
"Tolland County","09013","2010-2014","All","Percent","Cost-burdened Households",36.52
"Tolland County","09013","2010-2014","All","Percent","Margins of Error",1.89
"Tolland County","09013","2010-2014","Homeowner","Number","Cost-burdened Households",8628
"Tolland County","09013","2010-2014","Homeowner","Number","Margins of Error",590.09
"Tolland County","09013","2010-2014","Homeowner","Percent","Cost-burdened Households",30.3
"Tolland County","09013","2010-2014","Homeowner","Percent","Margins of Error",1.94
"Tolland County","09013","2010-2014","Renter","Number","Cost-burdened Households",6557
"Tolland County","09013","2010-2014","Renter","Number","Margins of Error",633.79
"Tolland County","09013","2010-2014","Renter","Percent","Cost-burdened Households",49.9
"Tolland County","09013","2010-2014","Renter","Percent","Margins of Error",4.3
"Tolland County","09013","2011-2015","All","Number","Cost-burdened Households",15021
"Tolland County","09013","2011-2015","All","Number","Margins of Error",838.54
"Tolland County","09013","2011-2015","All","Percent","Cost-burdened Households",36.17
"Tolland County","09013","2011-2015","All","Percent","Margins of Error",1.79
"Tolland County","09013","2011-2015","Homeowner","Number","Cost-burdened Households",8158
"Tolland County","09013","2011-2015","Homeowner","Number","Margins of Error",626.68
"Tolland County","09013","2011-2015","Homeowner","Percent","Cost-burdened Households",29.3
"Tolland County","09013","2011-2015","Homeowner","Percent","Margins of Error",2.2
"Tolland County","09013","2011-2015","Renter","Number","Cost-burdened Households",6863
"Tolland County","09013","2011-2015","Renter","Number","Margins of Error",557.16
"Tolland County","09013","2011-2015","Renter","Percent","Cost-burdened Households",50.3
"Tolland County","09013","2011-2015","Renter","Percent","Margins of Error",3.44
"Tolland County","09013","2012-2016","All","Number","Cost-burdened Households",14912
"Tolland County","09013","2012-2016","All","Number","Margins of Error",876.89
"Tolland County","09013","2012-2016","All","Percent","Cost-burdened Households",36.02
"Tolland County","09013","2012-2016","All","Percent","Margins of Error",1.93
"Tolland County","09013","2012-2016","Homeowner","Number","Cost-burdened Households",7656
"Tolland County","09013","2012-2016","Homeowner","Number","Margins of Error",612.28
"Tolland County","09013","2012-2016","Homeowner","Percent","Cost-burdened Households",28
"Tolland County","09013","2012-2016","Homeowner","Percent","Margins of Error",2.08
"Tolland County","09013","2012-2016","Renter","Number","Cost-burdened Households",7256
"Tolland County","09013","2012-2016","Renter","Number","Margins of Error",627.74
"Tolland County","09013","2012-2016","Renter","Percent","Cost-burdened Households",51.7
"Tolland County","09013","2012-2016","Renter","Percent","Margins of Error",3.55
"Windham County","09015","2006-2010","All","Number","Cost-burdened Households",14029
"Windham County","09015","2006-2010","All","Number","Margins of Error",748.87
"Windham County","09015","2006-2010","All","Percent","Cost-burdened Households",41.22
"Windham County","09015","2006-2010","All","Percent","Margins of Error",1.94
"Windham County","09015","2006-2010","Homeowner","Number","Cost-burdened Households",8641
"Windham County","09015","2006-2010","Homeowner","Number","Margins of Error",587.16
"Windham County","09015","2006-2010","Homeowner","Percent","Cost-burdened Households",39.3
"Windham County","09015","2006-2010","Homeowner","Percent","Margins of Error",2.44
"Windham County","09015","2006-2010","Renter","Number","Cost-burdened Households",5388
"Windham County","09015","2006-2010","Renter","Number","Margins of Error",464.81
"Windham County","09015","2006-2010","Renter","Percent","Cost-burdened Households",44.6
"Windham County","09015","2006-2010","Renter","Percent","Margins of Error",3.77
"Windham County","09015","2007-2011","All","Number","Cost-burdened Households",14472
"Windham County","09015","2007-2011","All","Number","Margins of Error",781.13
"Windham County","09015","2007-2011","All","Percent","Cost-burdened Households",42.48
"Windham County","09015","2007-2011","All","Percent","Margins of Error",2
"Windham County","09015","2007-2011","Homeowner","Number","Cost-burdened Households",9010
"Windham County","09015","2007-2011","Homeowner","Number","Margins of Error",599.51
"Windham County","09015","2007-2011","Homeowner","Percent","Cost-burdened Households",40.9
"Windham County","09015","2007-2011","Homeowner","Percent","Margins of Error",2.5
"Windham County","09015","2007-2011","Renter","Number","Cost-burdened Households",5462
"Windham County","09015","2007-2011","Renter","Number","Margins of Error",500.75
"Windham County","09015","2007-2011","Renter","Percent","Cost-burdened Households",45.5
"Windham County","09015","2007-2011","Renter","Percent","Margins of Error",3.83
"Windham County","09015","2008-2012","All","Number","Cost-burdened Households",14689
"Windham County","09015","2008-2012","All","Number","Margins of Error",801.23
"Windham County","09015","2008-2012","All","Percent","Cost-burdened Households",43.18
"Windham County","09015","2008-2012","All","Percent","Margins of Error",2.04
"Windham County","09015","2008-2012","Homeowner","Number","Cost-burdened Households",8914
"Windham County","09015","2008-2012","Homeowner","Number","Margins of Error",596.14
"Windham County","09015","2008-2012","Homeowner","Percent","Cost-burdened Households",40.4
"Windham County","09015","2008-2012","Homeowner","Percent","Margins of Error",2.56
"Windham County","09015","2008-2012","Renter","Number","Cost-burdened Households",5775
"Windham County","09015","2008-2012","Renter","Number","Margins of Error",535.33
"Windham County","09015","2008-2012","Renter","Percent","Cost-burdened Households",48.3
"Windham County","09015","2008-2012","Renter","Percent","Margins of Error",4.12
"Windham County","09015","2009-2013","All","Number","Cost-burdened Households",14409
"Windham County","09015","2009-2013","All","Number","Margins of Error",764.95
"Windham County","09015","2009-2013","All","Percent","Cost-burdened Households",42.11
"Windham County","09015","2009-2013","All","Percent","Margins of Error",1.92
"Windham County","09015","2009-2013","Homeowner","Number","Cost-burdened Households",8387
"Windham County","09015","2009-2013","Homeowner","Number","Margins of Error",586.42
"Windham County","09015","2009-2013","Homeowner","Percent","Cost-burdened Households",38.2
"Windham County","09015","2009-2013","Homeowner","Percent","Margins of Error",2.44
"Windham County","09015","2009-2013","Renter","Number","Cost-burdened Households",6022
"Windham County","09015","2009-2013","Renter","Number","Margins of Error",491.17
"Windham County","09015","2009-2013","Renter","Percent","Cost-burdened Households",49.1
"Windham County","09015","2009-2013","Renter","Percent","Margins of Error",3.49
"Windham County","09015","2010-2014","All","Number","Cost-burdened Households",14808
"Windham County","09015","2010-2014","All","Number","Margins of Error",864.3
"Windham County","09015","2010-2014","All","Percent","Cost-burdened Households",42.38
"Windham County","09015","2010-2014","All","Percent","Margins of Error",2.13
"Windham County","09015","2010-2014","Homeowner","Number","Cost-burdened Households",8191
"Windham County","09015","2010-2014","Homeowner","Number","Margins of Error",654.15
"Windham County","09015","2010-2014","Homeowner","Percent","Cost-burdened Households",36.2
"Windham County","09015","2010-2014","Homeowner","Percent","Margins of Error",2.59
"Windham County","09015","2010-2014","Renter","Number","Cost-burdened Households",6617
"Windham County","09015","2010-2014","Renter","Number","Margins of Error",564.89
"Windham County","09015","2010-2014","Renter","Percent","Cost-burdened Households",53.8
"Windham County","09015","2010-2014","Renter","Percent","Margins of Error",3.86
"Windham County","09015","2011-2015","All","Number","Cost-burdened Households",14332
"Windham County","09015","2011-2015","All","Number","Margins of Error",777.88
"Windham County","09015","2011-2015","All","Percent","Cost-burdened Households",41.39
"Windham County","09015","2011-2015","All","Percent","Margins of Error",1.9
"Windham County","09015","2011-2015","Homeowner","Number","Cost-burdened Households",7890
"Windham County","09015","2011-2015","Homeowner","Number","Margins of Error",568.89
"Windham County","09015","2011-2015","Homeowner","Percent","Cost-burdened Households",35.3
"Windham County","09015","2011-2015","Homeowner","Percent","Margins of Error",2.51
"Windham County","09015","2011-2015","Renter","Number","Cost-burdened Households",6442
"Windham County","09015","2011-2015","Renter","Number","Margins of Error",530.53
"Windham County","09015","2011-2015","Renter","Percent","Cost-burdened Households",52.3
"Windham County","09015","2011-2015","Renter","Percent","Margins of Error",3.48
"Windham County","09015","2012-2016","All","Number","Cost-burdened Households",13632
"Windham County","09015","2012-2016","All","Number","Margins of Error",754.36
"Windham County","09015","2012-2016","All","Percent","Cost-burdened Households",39.67
"Windham County","09015","2012-2016","All","Percent","Margins of Error",1.94
"Windham County","09015","2012-2016","Homeowner","Number","Cost-burdened Households",7163
"Windham County","09015","2012-2016","Homeowner","Number","Margins of Error",525.03
"Windham County","09015","2012-2016","Homeowner","Percent","Cost-burdened Households",32.9
"Windham County","09015","2012-2016","Homeowner","Percent","Margins of Error",2.24
"Windham County","09015","2012-2016","Renter","Number","Cost-burdened Households",6469
"Windham County","09015","2012-2016","Renter","Number","Margins of Error",541.67
"Windham County","09015","2012-2016","Renter","Percent","Cost-burdened Households",51.4
"Windham County","09015","2012-2016","Renter","Percent","Margins of Error",3.91
